solver_name,study_id,result_state_id,load_case,entity_ref,location_kind,node_id,dx,dy,dz,drx,dry,drz,translation_magnitude,rotation_magnitude
Code_Aster,analysis_study:Operating,result_state:Operating,Operating,node:N0,model_node,N0,0.0,0.0,0.0,0.0,0.0,0.0,0.0,0.0
Code_Aster,analysis_study:Operating,result_state:Operating,Operating,node:N1,model_node,N1,0.0,0.0,0.0,-0.00166574,-0.00099054,-0.00993768,0.0,0.01012488730908152
Code_Aster,analysis_study:Operating,result_state:Operating,Operating,node:N2,model_node,N2,0.003661,-0.00286061,-0.000179869,-0.00192134,-0.00180252,-0.0095689,0.004649555186172221,0.0099249419623492
Code_Aster,analysis_study:Operating,result_state:Operating,Operating,node:N3,model_node,N3,0.0108267,-1.36123e-19,-0.00338799,-0.000766131,-0.0058281,-7.02068e-05,0.011344421939001563,0.005878659312626242
Code_Aster,analysis_study:Operating,result_state:Operating,Operating,node:N4,model_node,N4,0.00892417,0.000567234,-0.00308133,-0.000130094,-0.00645131,6.36104e-05,0.009458179484898561,0.006452935103340507
Code_Aster,analysis_study:Operating,result_state:Operating,Operating,node:N5,model_node,N5,0.0,0.0,0.0,0.0,0.0,0.0,0.0,0.0
Code_Aster,analysis_study:Operating,result_state:Operating,Operating,analysis_node:pipe_bend_0_n1,analysis_node,pipe_bend_0_n1,6.40597e-05,-0.000306126,2.71678e-05,-0.00168263,-0.00102996,-0.0102835,0.0003139344874283964,0.010471028295659409
Code_Aster,analysis_study:Operating,result_state:Operating,Operating,analysis_node:pipe_bend_0_n10,analysis_node,pipe_bend_0_n10,0.00186968,-0.00256542,5.69252e-05,-0.00185219,-0.00145484,-0.0108697,0.003174952528337241,0.01112193981784203
Code_Aster,analysis_study:Operating,result_state:Operating,Operating,analysis_node:pipe_bend_0_n11,analysis_node,pipe_bend_0_n11,0.00216725,-0.00269425,3.22776e-05,-0.0018681,-0.0015105,-0.0107033,0.003457889163704031,0.010969596106967659
Code_Aster,analysis_study:Operating,result_state:Operating,Operating,analysis_node:pipe_bend_0_n12,analysis_node,pipe_bend_0_n12,0.00247048,-0.00279083,1.62297e-06,-0.00188247,-0.00156743,-0.0105086,0.0037271981639472322,0.010790329191725338
Code_Aster,analysis_study:Operating,result_state:Operating,Operating,analysis_node:pipe_bend_0_n13,analysis_node,pipe_bend_0_n13,0.00277526,-0.00285502,-3.50184e-05,-0.0018951,-0.00162538,-0.0102916,0.003981762619285404,0.010590103621513813
Code_Aster,analysis_study:Operating,result_state:Operating,Operating,analysis_node:pipe_bend_0_n14,analysis_node,pipe_bend_0_n14,0.00307766,-0.0028873,-7.75748e-05,-0.00190586,-0.00168408,-0.0100585,0.004220723897057831,0.010375059037711545
Code_Aster,analysis_study:Operating,result_state:Operating,Operating,analysis_node:pipe_bend_0_n15,analysis_node,pipe_bend_0_n15,0.00337402,-0.0028887,-0.000125921,-0.00191463,-0.00174323,-0.00981556,0.004443473275337773,0.010151348530288968
Code_Aster,analysis_study:Operating,result_state:Operating,Operating,analysis_node:pipe_bend_0_n2,analysis_node,pipe_bend_0_n2,0.000153976,-0.000611699,5.03505e-05,-0.00170052,-0.00107048,-0.0105783,0.0006327870479294358,0.010767456830226904
Code_Aster,analysis_study:Operating,result_state:Operating,Operating,analysis_node:pipe_bend_0_n3,analysis_node,pipe_bend_0_n3,0.000275614,-0.000913985,6.9194e-05,-0.00171924,-0.00111243,-0.0108102,0.0009571412993163548,0.011002441125609353
Code_Aster,analysis_study:Operating,result_state:Operating,Operating,analysis_node:pipe_bend_0_n4,analysis_node,pipe_bend_0_n4,0.000427785,-0.00120833,8.3388e-05,-0.00173857,-0.00115599,-0.01098,0.001284529078561089,0.011176732014547008
Code_Aster,analysis_study:Operating,result_state:Operating,Operating,analysis_node:pipe_bend_0_n5,analysis_node,pipe_bend_0_n5,0.00060944,-0.00148987,9.26467e-05,-0.00175826,-0.00120128,-0.0110901,0.0016123625961677757,0.011292690993558622
Code_Aster,analysis_study:Operating,result_state:Operating,Operating,analysis_node:pipe_bend_0_n6,analysis_node,pipe_bend_0_n6,0.000818598,-0.00175409,9.671e-05,-0.00177803,-0.00124838,-0.0111435,0.0019381143510649728,0.011353300645860657
Code_Aster,analysis_study:Operating,result_state:Operating,Operating,analysis_node:pipe_bend_0_n7,analysis_node,pipe_bend_0_n7,0.00105262,-0.00199695,9.53476e-05,-0.0017976,-0.00129733,-0.0111438,0.002259404640989692,0.011362161296553574
Code_Aster,analysis_study:Operating,result_state:Operating,Operating,analysis_node:pipe_bend_0_n8,analysis_node,pipe_bend_0_n8,0.0013083,-0.00221493,8.83626e-05,-0.00181667,-0.00134811,-0.0110952,0.002573979748167953,0.011323477977238264
Code_Aster,analysis_study:Operating,result_state:Operating,Operating,analysis_node:pipe_bend_0_n9,analysis_node,pipe_bend_0_n9,0.00158198,-0.00240515,7.5595e-05,-0.00183496,-0.00140066,-0.0110021,0.0028797780898751554,0.011241669406596159
Code_Aster,analysis_study:Operating,result_state:Operating,Operating,analysis_node:pipe_bend_0_s0_mid,analysis_node,pipe_bend_0_s0_mid,3.40948e-05,-0.000152469,1.34349e-05,-0.00167418,-0.00101022,-0.0101141,0.00015681118546216657,0.0103013805837276
Code_Aster,analysis_study:Operating,result_state:Operating,Operating,analysis_node:pipe_bend_0_s10_mid,analysis_node,pipe_bend_0_s10_mid,0.00201893,-0.00263011,4.45471e-05,-0.00186018,-0.00148265,-0.0107904,0.0033159525631586487,0.011049491065877198
Code_Aster,analysis_study:Operating,result_state:Operating,Operating,analysis_node:pipe_bend_0_s11_mid,analysis_node,pipe_bend_0_s11_mid,0.00231945,-0.00274281,1.69092e-05,-0.00187531,-0.00153895,-0.0106091,0.003592094224772596,0.01088292963813513
Code_Aster,analysis_study:Operating,result_state:Operating,Operating,analysis_node:pipe_bend_0_s12_mid,analysis_node,pipe_bend_0_s12_mid,0.00262355,-0.00282316,-1.67252e-05,-0.00188881,-0.00159639,-0.0104025,0.003854027337787712,0.010692430523421698
Code_Aster,analysis_study:Operating,result_state:Operating,Operating,analysis_node:pipe_bend_0_s13_mid,analysis_node,pipe_bend_0_s13_mid,0.00292722,-0.00287135,-5.63103e-05,-0.00190051,-0.00165472,-0.0101766,0.00410078512004544,0.010483950786726346
Code_Aster,analysis_study:Operating,result_state:Operating,Operating,analysis_node:pipe_bend_0_s14_mid,analysis_node,pipe_bend_0_s14_mid,0.00322665,-0.00288812,-0.000101748,-0.00191027,-0.00171365,-0.00993784,0.004331611710715078,0.01026383903132741
Code_Aster,analysis_study:Operating,result_state:Operating,Operating,analysis_node:pipe_bend_0_s15_mid,analysis_node,pipe_bend_0_s15_mid,0.00351836,-0.00287472,-0.000152883,-0.00191803,-0.00177287,-0.00969239,0.0045460142300359115,0.010038143804005799
Code_Aster,analysis_study:Operating,result_state:Operating,Operating,analysis_node:pipe_bend_0_s1_mid,analysis_node,pipe_bend_0_s1_mid,0.000108526,-0.000457931,3.8622e-05,-0.00169158,-0.00105015,-0.0104386,0.00047219736585563457,0.010626788220290267
Code_Aster,analysis_study:Operating,result_state:Operating,Operating,analysis_node:pipe_bend_0_s2_mid,analysis_node,pipe_bend_0_s2_mid,0.00021464,-0.000761973,5.96407e-05,-0.0017099,-0.00109139,-0.0107021,0.0007938703895633657,0.010892650483335082
Code_Aster,analysis_study:Operating,result_state:Operating,Operating,analysis_node:pipe_bend_0_s3_mid,analysis_node,pipe_bend_0_s3_mid,0.00035147,-0.00106053,7.61655e-05,-0.00172893,-0.00113415,-0.0109027,0.0011198465185864757,0.011097042960059224
Code_Aster,analysis_study:Operating,result_state:Operating,Operating,analysis_node:pipe_bend_0_s4_mid,analysis_node,pipe_bend_0_s4_mid,0.000518424,-0.00134869,8.78991e-05,-0.00174844,-0.00117858,-0.0110423,0.001447568448004035,0.011241818471226085
Code_Aster,analysis_study:Operating,result_state:Operating,Operating,analysis_node:pipe_bend_0_s5_mid,analysis_node,pipe_bend_0_s5_mid,0.000713894,-0.00162177,9.45684e-05,-0.00176817,-0.00122479,-0.0111237,0.001774464921719942,0.011329750102407379
Code_Aster,analysis_study:Operating,result_state:Operating,Operating,analysis_node:pipe_bend_0_s6_mid,analysis_node,pipe_bend_0_s6_mid,0.000935578,-0.00187547,9.59283e-05,-0.00178784,-0.00127282,-0.01115,0.0020980696255665323,0.011363931653173563
Code_Aster,analysis_study:Operating,result_state:Operating,Operating,analysis_node:pipe_bend_0_s7_mid,analysis_node,pipe_bend_0_s7_mid,0.00118054,-0.00210602,9.1765e-05,-0.00180716,-0.00132269,-0.0111253,0.0024160744498514532,0.011348464045486508
Code_Aster,analysis_study:Operating,result_state:Operating,Operating,analysis_node:pipe_bend_0_s8_mid,analysis_node,pipe_bend_0_s8_mid,0.00144535,-0.00231022,8.18999e-05,-0.00182585,-0.00137436,-0.0110539,0.0027263273216031874,0.011287661353978512
Code_Aster,analysis_study:Operating,result_state:Operating,Operating,analysis_node:pipe_bend_0_s9_mid,analysis_node,pipe_bend_0_s9_mid,0.00172616,-0.00248553,6.61932e-05,-0.00184361,-0.00142773,-0.0109405,0.003026857985804131,0.011186234890927332
Code_Aster,analysis_study:Operating,result_state:Operating,Operating,analysis_node:pipe_bend_1_n1,analysis_node,pipe_bend_1_n1,0.0108194,4.63185e-05,-0.00340779,-0.000726048,-0.00588676,-4.11225e-05,0.011343482465607388,0.005931507401656872
Code_Aster,analysis_study:Operating,result_state:Operating,Operating,analysis_node:pipe_bend_1_n10,analysis_node,pipe_bend_1_n10,0.00999566,0.000450332,-0.00332743,-0.000356546,-0.00631179,6.69563e-05,0.010544562966321743,0.006322206988095667
Code_Aster,analysis_study:Operating,result_state:Operating,Operating,analysis_node:pipe_bend_1_n11,analysis_node,pipe_bend_1_n11,0.00983446,0.000482071,-0.0032936,-0.000316786,-0.00634343,6.78046e-05,0.010382523628706125,0.006351697017213365
Code_Aster,analysis_study:Operating,result_state:Operating,Operating,analysis_node:pipe_bend_1_n12,analysis_node,pipe_bend_1_n12,0.009664,0.000509282,-0.00325631,-0.000277717,-0.00637162,6.76958e-05,0.010210573880621207,0.006378028761131972
Code_Aster,analysis_study:Operating,result_state:Operating,Operating,analysis_node:pipe_bend_1_n13,analysis_node,pipe_bend_1_n13,0.00948597,0.00053162,-0.00321617,-0.000239442,-0.00639638,6.69392e-05,0.01003045343612142,0.006401210075623252
Code_Aster,analysis_study:Operating,result_state:Operating,Operating,analysis_node:pipe_bend_1_n14,analysis_node,pipe_bend_1_n14,0.00930212,0.000548853,-0.00317363,-0.000202053,-0.00641775,6.58244e-05,0.009843912001176616,0.006421267268144533
Code_Aster,analysis_study:Operating,result_state:Operating,Operating,analysis_node:pipe_bend_1_n15,analysis_node,pipe_bend_1_n15,0.00911427,0.000560643,-0.00313016,-0.000165622,-0.00643583,6.46258e-05,0.009653089652124289,0.006438285092305997
Code_Aster,analysis_study:Operating,result_state:Operating,Operating,analysis_node:pipe_bend_1_n2,analysis_node,pipe_bend_1_n2,0.0107942,9.42191e-05,-0.00342175,-0.00068547,-0.00594404,-1.59967e-05,0.011323957079630107,0.0059834552339689895
Code_Aster,analysis_study:Operating,result_state:Operating,Operating,analysis_node:pipe_bend_1_n3,analysis_node,pipe_bend_1_n3,0.0107512,0.000142953,-0.00342977,-0.000644474,-0.0059995,5.10494e-06,0.01128592305720312,0.006034017985313634
Code_Aster,analysis_study:Operating,result_state:Operating,Operating,analysis_node:pipe_bend_1_n4,analysis_node,pipe_bend_1_n4,0.0106906,0.000191824,-0.00343182,-0.000603186,-0.00605278,2.24509e-05,0.011229564253317044,0.006082802242544698
Code_Aster,analysis_study:Operating,result_state:Operating,Operating,analysis_node:pipe_bend_1_n5,analysis_node,pipe_bend_1_n5,0.0106129,0.000240133,-0.00342796,-0.000561736,-0.00610354,3.63651e-05,0.011155367319335075,0.0061294429017484135
Code_Aster,analysis_study:Operating,result_state:Operating,Operating,analysis_node:pipe_bend_1_n6,analysis_node,pipe_bend_1_n6,0.0105187,0.000287195,-0.00341831,-0.000520252,-0.00615151,4.71955e-05,0.011063922175888847,0.006173650851710376
Code_Aster,analysis_study:Operating,result_state:Operating,Operating,analysis_node:pipe_bend_1_n7,analysis_node,pipe_bend_1_n7,0.0104088,0.000332349,-0.00340311,-0.000478866,-0.00619647,5.5304e-05,0.010956036280055894,0.00621519200341164
Code_Aster,analysis_study:Operating,result_state:Operating,Operating,analysis_node:pipe_bend_1_n8,analysis_node,pipe_bend_1_n8,0.0102842,0.000374969,-0.00338264,-0.000437704,-0.00623825,6.10576e-05,0.010832710868501984,0.006253884863397612
Code_Aster,analysis_study:Operating,result_state:Operating,Operating,analysis_node:pipe_bend_1_n9,analysis_node,pipe_bend_1_n9,0.0101461,0.000414474,-0.00335727,-0.000396891,-0.00627671,6.48224e-05,0.010695157584606969,0.006289579702454112
Code_Aster,analysis_study:Operating,result_state:Operating,Operating,analysis_node:pipe_bend_1_s0_mid,analysis_node,pipe_bend_1_s0_mid,0.0108231,2.31459e-05,-0.00339804,-0.00074615,-0.00585744,-5.54289e-05,0.011344016272215358,0.005905033068413353
Code_Aster,analysis_study:Operating,result_state:Operating,Operating,analysis_node:pipe_bend_1_s10_mid,analysis_node,pipe_bend_1_s10_mid,0.00991516,0.000466327,-0.00331059,-0.000336587,-0.00632794,6.75787e-05,0.01046364491200982,0.006337245642458771
Code_Aster,analysis_study:Operating,result_state:Operating,Operating,analysis_node:pipe_bend_1_s11_mid,analysis_node,pipe_bend_1_s11_mid,0.00974932,0.000495805,-0.00327502,-0.000297159,-0.00635787,6.79163e-05,0.010296641154319452,0.006365172977381423
Code_Aster,analysis_study:Operating,result_state:Operating,Operating,analysis_node:pipe_bend_1_s12_mid,analysis_node,pipe_bend_1_s12_mid,0.00957507,0.000520586,-0.00323628,-0.000258475,-0.00638436,6.74493e-05,0.010120596994579716,0.00638994611427166
Code_Aster,analysis_study:Operating,result_state:Operating,Operating,analysis_node:pipe_bend_1_s13_mid,analysis_node,pipe_bend_1_s13_mid,0.00939412,0.000540356,-0.00319499,-0.000220632,-0.00640744,6.6477e-05,0.009937275093366189,0.00641158209996199
Code_Aster,analysis_study:Operating,result_state:Operating,Operating,analysis_node:pipe_bend_1_s14_mid,analysis_node,pipe_bend_1_s14_mid,0.00920827,0.00055493,-0.00315159,-0.000183716,-0.00642716,6.52804e-05,0.00974847184054506,0.006430116543646792
Code_Aster,analysis_study:Operating,result_state:Operating,Operating,analysis_node:pipe_bend_1_s15_mid,analysis_node,pipe_bend_1_s15_mid,0.00901931,0.000563979,-0.00310776,-0.00014777,-0.00644375,6.41269e-05,0.009556369467854462,0.00644576312741196
Code_Aster,analysis_study:Operating,result_state:Operating,Operating,analysis_node:pipe_bend_1_s1_mid,analysis_node,pipe_bend_1_s1_mid,0.0108069,7.0294e-05,-0.00341492,-0.000705819,-0.00591545,-2.82191e-05,0.011333830220311049,0.005957476435611459
Code_Aster,analysis_study:Operating,result_state:Operating,Operating,analysis_node:pipe_bend_1_s2_mid,analysis_node,pipe_bend_1_s2_mid,0.0107728,0.000118622,-0.00342591,-0.000665017,-0.00597186,-5.09978e-06,0.011305049771981724,0.006008775705386668
Code_Aster,analysis_study:Operating,result_state:Operating,Operating,analysis_node:pipe_bend_1_s3_mid,analysis_node,pipe_bend_1_s3_mid,0.0107211,0.00016744,-0.00343094,-0.00062386,-0.00602626,1.4118e-05,0.011257946999662061,0.006058482500191282
Code_Aster,analysis_study:Operating,result_state:Operating,Operating,analysis_node:pipe_bend_1_s4_mid,analysis_node,pipe_bend_1_s4_mid,0.0106519,0.000216044,-0.00343003,-0.000582474,-0.00607831,2.97379e-05,0.0111926205341214,0.006106227375349891
Code_Aster,analysis_study:Operating,result_state:Operating,Operating,analysis_node:pipe_bend_1_s5_mid,analysis_node,pipe_bend_1_s5_mid,0.010566,0.000263742,-0.00342326,-0.000540991,-0.00612771,4.20966e-05,0.011109843602416913,0.006151688648648642
Code_Aster,analysis_study:Operating,result_state:Operating,Operating,analysis_node:pipe_bend_1_s6_mid,analysis_node,pipe_bend_1_s6_mid,0.0104639,0.000309862,-0.00341083,-0.00049954,-0.00617421,5.15489e-05,0.011010130742091303,0.006194599795369448
Code_Aster,analysis_study:Operating,result_state:Operating,Operating,analysis_node:pipe_bend_1_s7_mid,analysis_node,pipe_bend_1_s7_mid,0.0103466,0.00035376,-0.00339299,-0.00045825,-0.00621761,5.84593e-05,0.010894478364644173,0.006234748163667599
Code_Aster,analysis_study:Operating,result_state:Operating,Operating,analysis_node:pipe_bend_1_s8_mid,analysis_node,pipe_bend_1_s8_mid,0.0102153,0.000394833,-0.00337005,-0.000417247,-0.00625776,6.31948e-05,0.01076408306314983,0.006271973282736147
Code_Aster,analysis_study:Operating,result_state:Operating,Operating,analysis_node:pipe_bend_1_s9_mid,analysis_node,pipe_bend_1_s9_mid,0.010071,0.000432522,-0.00334244,-0.000376653,-0.00629456,6.61173e-05,0.010619982176730994,0.006306165599900489
Code_Aster,analysis_study:Operating,result_state:Operating,Operating,analysis_node:pipe_str_0_mid,analysis_node,pipe_str_0_mid,-6.78379e-19,0.00372058,-0.000371496,-0.00083287,0.000244093,0.00244888,0.003739080744570248,0.0025981276111748247
Code_Aster,analysis_study:Operating,result_state:Operating,Operating,analysis_node:pipe_str_1_mid,analysis_node,pipe_str_1_mid,0.00961839,-0.00143054,-0.00207274,-0.00173006,-0.00381531,-0.00298427,0.009942641600263986,0.005143497393077982
Code_Aster,analysis_study:Operating,result_state:Operating,Operating,analysis_node:pipe_str_2_mid,analysis_node,pipe_str_2_mid,0.0028495,0.000315741,-0.00154547,0.00045237,-0.00506051,3.18052e-05,0.0032569648677842687,0.0050807884868145255
